{
	"pattrstorage" : 	{
		"name" : "fm-patterns",
		"slots" : 		{
			"1" : 			{
				"id" : 1,
				"data" : 				{
					"carrier-env" : [ 5000.0, 0.0, 1.0, 0.0, 0.0, 0, 0.0, 813.645482785133481, 1.0, 0, 0.941942800903847, 1209.008620113554116, 0.67023681930522, 0, 0.356472955452559, 4211.315502480612849, 0.234750740549085, 0, 0.111730995532366, 5000.0, 0.0, 0, 0.438422927747101, "curve" ],
					"mc-ratio" : [ 0.500346444247013 ],
					"modulation-index" : [ 1.055253628019992 ],
					"modulator-env" : [ 5000.0, 0.0, 1.0, 0.0, 0.0, 0, 0.0, 340.645828416471431, 1.0, 0, 0.57839436466084, 668.151981622059566, 0.745809864533103, 0, 0.303482257750015, 3366.224407746471115, 0.252657016576733, 0, -0.764610701947501, 5000.0, 0.0, 0, 0.839711677534844, "curve" ]
				}

			}
,
			"2" : 			{
				"id" : 2,
				"data" : 				{
					"carrier-env" : [ 5000.0, 0.0, 1.0, 0.0, 0.0, 0, 0.0, 965.174740607206331, 1.0, 0, -0.571480232315983, 1252.413580097204431, 0.568535627800814, 0, 0.438313686780559, 4395.029395671143902, 0.290109795955161, 0, -0.283415947483985, 5000.0, 0.0, 0, 0.697754510243582, "curve" ],
					"mc-ratio" : [ 0.575189896861735 ],
					"modulation-index" : [ 2.21800680756765 ],
					"modulator-env" : [ 5000.0, 0.0, 1.0, 0.0, 0.0, 0, 0.0, 395.600080046056007, 1.0, 0, 0.059195258622, 827.84332242961068, 0.529621530642103, 0, 0.343188652033133, 3295.059594273673611, 0.225271376298044, 0, -0.655478093390004, 5000.0, 0.0, 0, -0.433037532436056, "curve" ]
				}

			}
,
			"3" : 			{
				"id" : 3,
				"data" : 				{
					"carrier-env" : [ 5000.0, 0.0, 1.0, 0.0, 0.0, 0, 0.0, 85.321980511575021, 1.0, 0, -0.324505553667707, 459.738987457540247, 0.622953981334545, 0, 0.112085289998644, 4487.356514192420946, 0.111015031244627, 0, -0.010552935589517, 5000.0, 0.0, 0, -0.398441924745356, "curve" ],
					"mc-ratio" : [ 0.894704063927912 ],
					"modulation-index" : [ 1.06851464778551 ],
					"modulator-env" : [ 5000.0, 0.0, 1.0, 0.0, 0.0, 0, 0.0, 296.8265064378229, 1.0, 0, -0.004765673531902, 527.976707066215909, 0.700209507742364, 0, 0.234258566900218, 3842.176939074392067, 0.237331523267067, 0, -0.780806265795557, 5000.0, 0.0, 0, -0.077727493785264, "curve" ]
				}

			}
,
			"4" : 			{
				"id" : 4,
				"data" : 				{
					"carrier-env" : [ 5000.0, 0.0, 1.0, 0.0, 0.0, 0, 0.0, 754.689807598257858, 1.0, 0, -0.165278882848102, 1049.196098878058592, 0.607201475061664, 0, 0.213770436328861, 3193.533412795345612, 0.121307107130966, 0, 0.377449957649394, 5000.0, 0.0, 0, 0.482229641675323, "curve" ],
					"mc-ratio" : [ 0.839322671518825 ],
					"modulation-index" : [ 0.12715883446326 ],
					"modulator-env" : [ 5000.0, 0.0, 1.0, 0.0, 0.0, 0, 0.0, 268.910898617132148, 1.0, 0, -0.029748040458834, 565.075540001889181, 0.551407574793396, 0, 0.330064494771222, 3859.573320991187757, 0.223035532757971, 0, 0.255554306442902, 5000.0, 0.0, 0, -0.476285155182884, "curve" ]
				}

			}
,
			"5" : 			{
				"id" : 5,
				"data" : 				{
					"carrier-env" : [ 5000.0, 0.0, 1.0, 0.0, 0.0, 0, 0.0, 1023.534432299055197, 1.0, 0, 0.439497207552123, 1513.14722476723864, 0.525005529749701, 0, -0.467425256650369, 3712.801250947048175, 0.290911214473486, 0, -0.300407581807475, 5000.0, 0.0, 0, 0.494484786579515, "curve" ],
					"mc-ratio" : [ 0.774214491248608 ],
					"modulation-index" : [ 2.624570689738406 ],
					"modulator-env" : [ 5000.0, 0.0, 1.0, 0.0, 0.0, 0, 0.0, 572.386835293064109, 1.0, 0, 0.307053117029798, 920.520274538240528, 0.786684983522376, 0, -0.225816729632774, 4075.801445654141389, 0.107654448409732, 0, -0.333502817905333, 5000.0, 0.0, 0, 0.079913853739513, "curve" ]
				}

			}
,
			"6" : 			{
				"id" : 6,
				"data" : 				{
					"carrier-env" : [ 5000.0, 0.0, 1.0, 0.0, 0.0, 0, 0.0, 889.333553560987298, 1.0, 0, 0.372246263471531, 1160.708149701860521, 0.74523405397196, 0, -0.074890469252335, 3029.164281640652007, 0.106207806579706, 0, 0.315332020886696, 5000.0, 0.0, 0, 0.470509681610292, "curve" ],
					"mc-ratio" : [ 1.895113370581943 ],
					"modulation-index" : [ 2.755830592533744 ],
					"modulator-env" : [ 5000.0, 0.0, 1.0, 0.0, 0.0, 0, 0.0, 957.972716826163946, 1.0, 0, -0.138269842035392, 1366.820546545669913, 0.714837622657853, 0, 0.44418226001897, 4080.608468150746376, 0.272275735479882, 0, -0.484854248616653, 5000.0, 0.0, 0, -0.477055417132916, "curve" ]
				}

			}
,
			"7" : 			{
				"id" : 7,
				"data" : 				{
					"carrier-env" : [ 5000.0, 0.0, 1.0, 0.0, 0.0, 0, 0.0, 729.156934468510599, 1.0, 0, 0.270633749169372, 1199.61939912544949, 0.760803145512373, 0, -0.070079812196624, 4007.058986405821088, 0.127463793573061, 0, -0.139864271524951, 5000.0, 0.0, 0, -0.164203905451121, "curve" ],
					"mc-ratio" : [ 0.5 ],
					"modulation-index" : [ 1.396338015953511 ],
					"modulator-env" : [ 5000.0, 0.0, 1.0, 0.0, 0.0, 0, 0.0, 842.564442459780707, 1.0, 0, 0.486734600530123, 1237.003191016148321, 0.595818792850114, 0, 0.037217122562127, 3642.474629346302663, 0.28337073938036, 0, -0.330877977209533, 5000.0, 0.0, 0, -0.367263470286045, "curve" ]
				}

			}
,
			"8" : 			{
				"id" : 8,
				"data" : 				{
					"carrier-env" : [ 5000.0, 0.0, 1.0, 0.0, 0.0, 0, 0.0, 159.574062266248347, 0.971590909090909, 0, -0.299234752891053, 1602.231952039252974, 0.519217407698098, 0, 0.321092794659408, 2659.574062266248347, 0.232954545454545, 0, 0.450218834837227, 5000.0, 0.0, 0, 0.187366694617595, "curve" ],
					"mc-ratio" : [ 1.0 ],
					"modulation-index" : [ 1.0 ],
					"modulator-env" : [ 5000.0, 0.0, 1.0, 0.0, 0.0, 0, 0.0, 1001.421131374409129, 1.0, 0, -0.073305488864532, 3111.702127659574671, 0.793333333333333, 0, -0.188808052841228, 3457.44680851063822, 0.1, 0, -0.018693651437243, 5000.0, 0.0, 0, -0.338611639918546, "curve" ]
				}

			}

		}

	}

}
