{
	"pattrstorage" : 	{
		"name" : "fm-patterns2",
		"slots" : 		{
			"1" : 			{
				"id" : 1,
				"data" : 				{
					"carrier-env" : [ 5000.0, 0.0, 1.0, 0.0, 0.0, 0, 0.0, 393.899063066710539, 1.0, 0, 0.009586708856353, 862.205643092163427, 0.797996003412778, 0, -0.376806216956911, 4018.512531136294911, 0.151614592382498, 0, -0.147848179169482, 5000.0, 0.0, 0, 0.136229087172627, "curve" ],
					"feedback" : [ 0.517667255971696 ],
					"mc-ratio" : [ 1.645228636713405 ],
					"modulation-index" : [ 2.05535337292347 ],
					"modulator-env" : [ 5000.0, 0.0, 1.0, 0.0, 0.0, 0, 0.0, 65.201254241611863, 1.0, 0, -0.143947537798179, 503.516485206021457, 0.7379048092503, 0, -0.27869492910124, 3214.492926735034416, 0.170991624473689, 0, 0.258401564767601, 5000.0, 0.0, 0, -0.106846033375444, "curve" ]
				}

			}
,
			"2" : 			{
				"id" : 2,
				"data" : 				{
					"carrier-env" : [ 5000.0, 0.0, 1.0, 0.0, 0.0, 0, 0.0, 1049.392644425106937, 1.0, 0, 0.17984532327471, 1538.536190303717376, 0.775101808478423, 0, 0.404451710184976, 4164.969944332137857, 0.15942417045249, 0, 0.463951778034492, 5000.0, 0.0, 0, -0.46909740540754, "curve" ],
					"feedback" : [ 0.354364203105511 ],
					"mc-ratio" : [ 1.369625437424857 ],
					"modulation-index" : [ 3.987461996567094 ],
					"modulator-env" : [ 5000.0, 0.0, 1.0, 0.0, 0.0, 0, 0.0, 438.89656627635884, 1.0, 0, 0.283015382140975, 662.814166375769446, 0.799055735985212, 0, 0.259221276545737, 3020.021266943819683, 0.178087007547333, 0, -0.373973023600693, 5000.0, 0.0, 0, -0.099545735813669, "curve" ]
				}

			}
,
			"3" : 			{
				"id" : 3,
				"data" : 				{
					"carrier-env" : [ 5000.0, 0.0, 1.0, 0.0, 0.0, 0, 0.0, 1253.83635715675814, 1.0, 0, 0.343520481553764, 1641.65761760560099, 0.695668841126553, 0, 0.00307008654776, 3152.747517266470368, 0.156460965896083, 0, -0.376259808222044, 5000.0, 0.0, 0, 0.465610306683041, "curve" ],
					"feedback" : [ 0.248877323057886 ],
					"mc-ratio" : [ 1.377807444351169 ],
					"modulation-index" : [ 0.794105616151546 ],
					"modulator-env" : [ 5000.0, 0.0, 1.0, 0.0, 0.0, 0, 0.0, 887.734173804106149, 1.0, 0, 0.378822308570463, 1157.904650086107495, 0.617477961154173, 0, 0.499796367174256, 4694.1043662293323, 0.20913365569987, 0, 0.244285373808127, 5000.0, 0.0, 0, 0.396216304673763, "curve" ]
				}

			}
,
			"4" : 			{
				"id" : 4,
				"data" : 				{
					"carrier-env" : [ 5000.0, 0.0, 1.0, 0.0, 0.0, 0, 0.0, 1260.385339426358996, 1.0, 0, -0.408226805554119, 1546.898434856967015, 0.537818260902577, 0, -0.461556907166308, 4427.854806747289331, 0.160001814416597, 0, -0.491261001124055, 5000.0, 0.0, 0, 0.285031579329319, "curve" ],
					"feedback" : [ 0.569908826321822 ],
					"mc-ratio" : [ 0.715816304417151 ],
					"modulation-index" : [ 1.520402079824933 ],
					"modulator-env" : [ 5000.0, 0.0, 1.0, 0.0, 0.0, 0, 0.0, 1334.855506417552533, 1.0, 0, 0.217761184714271, 1599.547946809810583, 0.663363098945716, 0, -0.165851520090712, 3074.074350229068386, 0.135545871438014, 0, -0.432452994688902, 5000.0, 0.0, 0, -0.122126190597022, "curve" ]
				}

			}
,
			"5" : 			{
				"id" : 5,
				"data" : 				{
					"carrier-env" : [ 5000.0, 0.0, 1.0, 0.0, 0.0, 0, 0.0, 1473.268506604618096, 1.0, 0, 0.02897839610933, 1842.880990081063374, 0.570660203615891, 0, 0.33161430568141, 3959.223490117404253, 0.283893627799225, 0, 0.412796819672853, 5000.0, 0.0, 0, -0.478940374555105, "curve" ],
					"feedback" : [ 0.474452874826613 ],
					"mc-ratio" : [ 0.512444864777625 ],
					"modulation-index" : [ 3.942201766441093 ],
					"modulator-env" : [ 5000.0, 0.0, 1.0, 0.0, 0.0, 0, 0.0, 1481.41306051761967, 1.0, 0, 0.291043917794863, 1855.605320970795447, 0.691197387044066, 0, -0.263478278989128, 3861.744383727130298, 0.131487894729959, 0, -0.177462182419476, 5000.0, 0.0, 0, 0.40465619871124, "curve" ]
				}

			}
,
			"6" : 			{
				"id" : 6,
				"data" : 				{
					"carrier-env" : [ 5000.0, 0.0, 1.0, 0.0, 0.0, 0, 0.0, 1180.763480052861723, 1.0, 0, 0.053600991583832, 1493.99873261864559, 0.524381095453736, 0, 0.171050799786648, 4043.138497480249953, 0.171306375141585, 0, -0.498307240514904, 5000.0, 0.0, 0, 0.190020289050838, "curve" ],
					"feedback" : [ 0.928848818172985 ],
					"mc-ratio" : [ 0.751612493146606 ],
					"modulation-index" : [ 2.080140704038867 ],
					"modulator-env" : [ 5000.0, 0.0, 1.0, 0.0, 0.0, 0, 0.0, 1343.072235066160374, 1.0, 0, 0.28146594592317, 1752.850360688272758, 0.585830030040827, 0, 0.443253875249668, 4434.191489210123109, 0.291021658495413, 0, 0.454563735631243, 5000.0, 0.0, 0, 0.064818884882703, "curve" ]
				}

			}
,
			"7" : 			{
				"id" : 7,
				"data" : 				{
					"carrier-env" : [ 5000.0, 0.0, 1.0, 0.0, 0.0, 0, 0.0, 110.956071807676935, 1.0, 0, -0.105238543981507, 437.453056465773784, 0.504955130106503, 0, 0.172174981203701, 4065.015093698605142, 0.248905471386468, 0, 0.191598953426004, 5000.0, 0.0, 0, -0.337574656224486, "curve" ],
					"feedback" : [ 0.632488939325767 ],
					"mc-ratio" : [ 1.726712250786034 ],
					"modulation-index" : [ 2.145198208088326 ],
					"modulator-env" : [ 5000.0, 0.0, 1.0, 0.0, 0.0, 0, 0.0, 1041.549445023412318, 1.0, 0, 0.164679826931654, 1454.35234771130763, 0.687420603517438, 0, -0.013026940418299, 3665.477935158363834, 0.131085713603391, 0, -0.320322718304919, 5000.0, 0.0, 0, 0.195199123897268, "curve" ]
				}

			}
,
			"8" : 			{
				"id" : 8,
				"data" : 				{
					"carrier-env" : [ 5000.0, 0.0, 1.0, 0.0, 0.0, 0, 0.0, 1496.380828433841543, 1.0, 0, 0.302484646120277, 1904.472721760261948, 0.563029975005396, 0, -0.219693432704885, 4232.392265054671952, 0.211184119360047, 0, 0.238421211956868, 5000.0, 0.0, 0, 0.089755064485951, "curve" ],
					"feedback" : [ 0.41 ],
					"mc-ratio" : [ 0.558775085125386 ],
					"modulation-index" : [ 0.962691392444937 ],
					"modulator-env" : [ 5000.0, 0.0, 1.0, 0.0, 0.0, 0, 0.0, 1420.91291078993504, 1.0, 0, -0.429119626383898, 1786.616000355370943, 0.613431779227388, 0, 0.074205560919931, 3862.5884321607723, 0.18753729720247, 0, 0.460660197871623, 5000.0, 0.0, 0, 0.27708149483616, "curve" ]
				}

			}
,
			"9" : 			{
				"id" : 9,
				"data" : 				{
					"carrier-env" : [ 5000.0, 0.0, 1.0, 0.0, 0.0, 0, 0.0, 63.967165889844395, 1.0, 0, -0.499495039372244, 323.561984633180373, 0.642822573659962, 0, 0.26997326436575, 3791.025662462120636, 0.250871712435773, 0, -0.017466234768624, 5000.0, 0.0, 0, 0.455037363273562, "curve" ],
					"feedback" : [ 0.026860540642112 ],
					"mc-ratio" : [ 0.728852630633394 ],
					"modulation-index" : [ 1.333673427791101 ],
					"modulator-env" : [ 5000.0, 0.0, 1.0, 0.0, 0.0, 0, 0.0, 1158.004055239924583, 1.0, 0, 0.127568805570579, 1368.388639885687553, 0.585151869553467, 0, 0.023842809125226, 4201.653161624357381, 0.11575367224667, 0, 0.408059549369451, 5000.0, 0.0, 0, -0.164239880080727, "curve" ]
				}

			}
,
			"10" : 			{
				"id" : 10,
				"data" : 				{
					"carrier-env" : [ 5000.0, 0.0, 1.0, 0.0, 0.0, 0, 0.0, 63.967165889844395, 1.0, 0, -0.499495039372244, 292.552785670503681, 0.221590909090909, 0, 0.26997326436575, 3723.403849500291017, 0.051136363636364, 0, -0.017466234768624, 5000.0, 0.0, 0, 0.455037363273562, "curve" ],
					"feedback" : [ 0.209 ],
					"mc-ratio" : [ 0.998 ],
					"modulation-index" : [ 1.333673427791101 ],
					"modulator-env" : [ 5000.0, 0.0, 1.0, 0.0, 0.0, 0, 0.0, 638.297872340425556, 1.0, 0, 0.127568805570579, 1861.702127659574444, 0.193333333333333, 0, 0.023842809125226, 4201.653161624357381, 0.11575367224667, 0, 0.408059549369451, 5000.0, 0.0, 0, -0.164239880080727, "curve" ]
				}

			}

		}

	}

}
