{
	"pattrstorage" : 	{
		"name" : "asd_asdyn2pats1",
		"slots" : 		{
			"1" : 			{
				"id" : 1,
				"data" : 				{
					"asd_fmult1" : [ 16.043364 ],
					"asd_fmult10" : [ 16.695541 ],
					"asd_fmult11" : [ 13.510789 ],
					"asd_fmult12" : [ 25.102876 ],
					"asd_fmult13" : [ 14.643616 ],
					"asd_fmult14" : [ 22.042932 ],
					"asd_fmult15" : [ 6.646028 ],
					"asd_fmult16" : [ 17.128504 ],
					"asd_fmult2" : [ 15.691023 ],
					"asd_fmult3" : [ 23.539002 ],
					"asd_fmult4" : [ 20.469847 ],
					"asd_fmult5" : [ 18.002729 ],
					"asd_fmult6" : [ 15.300156 ],
					"asd_fmult7" : [ 4.814703 ],
					"asd_fmult8" : [ 23.134445 ],
					"asd_fmult9" : [ 12.529437 ],
					"asd_gain1" : [ 0.009462 ],
					"asd_gain10" : [ 0.087077 ],
					"asd_gain11" : [ 0.003002 ],
					"asd_gain12" : [ 0.118592 ],
					"asd_gain13" : [ 0.008806 ],
					"asd_gain14" : [ 0.015528 ],
					"asd_gain15" : [ 0.028123 ],
					"asd_gain16" : [ 0.005113 ],
					"asd_gain2" : [ 0.024118 ],
					"asd_gain3" : [ 0.031365 ],
					"asd_gain4" : [ 0.000774 ],
					"asd_gain5" : [ 0.003642 ],
					"asd_gain6" : [ 0.00125 ],
					"asd_gain7" : [ 0.013767 ],
					"asd_gain8" : [ 0.009423 ],
					"asd_gain9" : [ 0.005774 ],
					"asd_phase1" : [ -0.25 ],
					"asd_phase10" : [ -0.25 ],
					"asd_phase11" : [ -0.25 ],
					"asd_phase12" : [ -0.25 ],
					"asd_phase13" : [ -0.25 ],
					"asd_phase14" : [ -0.25 ],
					"asd_phase15" : [ -0.25 ],
					"asd_phase16" : [ -0.25 ],
					"asd_phase2" : [ -0.25 ],
					"asd_phase3" : [ -0.25 ],
					"asd_phase4" : [ -0.25 ],
					"asd_phase5" : [ -0.25 ],
					"asd_phase6" : [ -0.25 ],
					"asd_phase7" : [ -0.25 ],
					"asd_phase8" : [ -0.25 ],
					"asd_phase9" : [ -0.25 ],
					"gainer" : [ 112 ],
					"asd_fmult17" : [ 30.502999 ],
					"asd_gain17" : [ 0.056431 ],
					"asd_phase17" : [ -0.25 ],
					"asd_fmult18" : [ 7.867016 ],
					"asd_gain18" : [ 0.021566 ],
					"asd_phase18" : [ -0.25 ],
					"asd_fmult19" : [ 10.435975 ],
					"asd_gain19" : [ 0.084664 ],
					"asd_phase19" : [ -0.25 ],
					"asd_fmult20" : [ 23.703169 ],
					"asd_gain20" : [ 0.017849 ],
					"asd_phase20" : [ -0.25 ],
					"asd_fmult21" : [ 5.855042 ],
					"asd_gain21" : [ 0.016013 ],
					"asd_phase21" : [ -0.25 ],
					"asd_fmult22" : [ 9.742835 ],
					"asd_gain22" : [ 0.023583 ],
					"asd_phase22" : [ -0.25 ],
					"asd_fmult23" : [ 9.260877 ],
					"asd_gain23" : [ 0.015829 ],
					"asd_phase23" : [ -0.25 ],
					"asd_fmult24" : [ 10.314943 ],
					"asd_gain24" : [ 0.088681 ],
					"asd_phase24" : [ -0.25 ],
					"asd_fmult25" : [ 7.283044 ],
					"asd_gain25" : [ 0.029285 ],
					"asd_phase25" : [ -0.25 ],
					"asd_fmult26" : [ 14.031921 ],
					"asd_gain26" : [ 0.069003 ],
					"asd_phase26" : [ -0.25 ],
					"asd_fmult27" : [ 22.778511 ],
					"asd_gain27" : [ 0.001355 ],
					"asd_phase27" : [ -0.25 ],
					"asd_fmult28" : [ 19.997415 ],
					"asd_gain28" : [ 0.011271 ],
					"asd_phase28" : [ -0.25 ],
					"asd_fmult29" : [ 21.34831 ],
					"asd_gain29" : [ 0.062522 ],
					"asd_phase29" : [ -0.25 ],
					"asd_fmult30" : [ 16.547147 ],
					"asd_gain30" : [ 0.022971 ],
					"asd_phase30" : [ -0.25 ],
					"asd_fmult31" : [ 12.049144 ],
					"asd_gain31" : [ 0.079184 ],
					"asd_phase31" : [ -0.25 ],
					"asd_fmult32" : [ 17.143843 ],
					"asd_gain32" : [ 0.033979 ],
					"asd_phase32" : [ -0.25 ]
				}

			}
,
			"2" : 			{
				"id" : 2,
				"data" : 				{
					"asd_fmult1" : [ 1.003165 ],
					"asd_fmult10" : [ 10.052943 ],
					"asd_fmult11" : [ 10.91778 ],
					"asd_fmult12" : [ 11.989839 ],
					"asd_fmult13" : [ 12.992526 ],
					"asd_fmult14" : [ 13.976442 ],
					"asd_fmult15" : [ 15.016308 ],
					"asd_fmult16" : [ 16.070928 ],
					"asd_fmult2" : [ 2.018322 ],
					"asd_fmult3" : [ 2.978355 ],
					"asd_fmult4" : [ 3.964703 ],
					"asd_fmult5" : [ 5.007621 ],
					"asd_fmult6" : [ 5.991338 ],
					"asd_fmult7" : [ 6.975958 ],
					"asd_fmult8" : [ 7.946194 ],
					"asd_fmult9" : [ 9.0768 ],
					"asd_gain1" : [ 0.03125 ],
					"asd_gain10" : [ 0.03125 ],
					"asd_gain11" : [ 0.03125 ],
					"asd_gain12" : [ 0.03125 ],
					"asd_gain13" : [ 0.03125 ],
					"asd_gain14" : [ 0.03125 ],
					"asd_gain15" : [ 0.03125 ],
					"asd_gain16" : [ 0.03125 ],
					"asd_gain2" : [ 0.03125 ],
					"asd_gain3" : [ 0.03125 ],
					"asd_gain4" : [ 0.03125 ],
					"asd_gain5" : [ 0.03125 ],
					"asd_gain6" : [ 0.03125 ],
					"asd_gain7" : [ 0.03125 ],
					"asd_gain8" : [ 0.03125 ],
					"asd_gain9" : [ 0.03125 ],
					"asd_phase1" : [ -0.25 ],
					"asd_phase10" : [ -0.25 ],
					"asd_phase11" : [ -0.25 ],
					"asd_phase12" : [ -0.25 ],
					"asd_phase13" : [ -0.25 ],
					"asd_phase14" : [ -0.25 ],
					"asd_phase15" : [ -0.25 ],
					"asd_phase16" : [ -0.25 ],
					"asd_phase2" : [ -0.25 ],
					"asd_phase3" : [ -0.25 ],
					"asd_phase4" : [ -0.25 ],
					"asd_phase5" : [ -0.25 ],
					"asd_phase6" : [ -0.25 ],
					"asd_phase7" : [ -0.25 ],
					"asd_phase8" : [ -0.25 ],
					"asd_phase9" : [ -0.25 ],
					"gainer" : [ 112 ],
					"asd_fmult17" : [ 16.897052 ],
					"asd_gain17" : [ 0.03125 ],
					"asd_phase17" : [ -0.25 ],
					"asd_fmult18" : [ 17.997413 ],
					"asd_gain18" : [ 0.03125 ],
					"asd_phase18" : [ -0.25 ],
					"asd_fmult19" : [ 18.851018 ],
					"asd_gain19" : [ 0.03125 ],
					"asd_phase19" : [ -0.25 ],
					"asd_fmult20" : [ 20.174758 ],
					"asd_gain20" : [ 0.03125 ],
					"asd_phase20" : [ -0.25 ],
					"asd_fmult21" : [ 20.866863 ],
					"asd_gain21" : [ 0.03125 ],
					"asd_phase21" : [ -0.25 ],
					"asd_fmult22" : [ 21.878225 ],
					"asd_gain22" : [ 0.03125 ],
					"asd_phase22" : [ -0.25 ],
					"asd_fmult23" : [ 23.00532 ],
					"asd_gain23" : [ 0.03125 ],
					"asd_phase23" : [ -0.25 ],
					"asd_fmult24" : [ 24.225578 ],
					"asd_gain24" : [ 0.03125 ],
					"asd_phase24" : [ -0.25 ],
					"asd_fmult25" : [ 24.906803 ],
					"asd_gain25" : [ 0.03125 ],
					"asd_phase25" : [ -0.25 ],
					"asd_fmult26" : [ 26.172342 ],
					"asd_gain26" : [ 0.03125 ],
					"asd_phase26" : [ -0.25 ],
					"asd_fmult27" : [ 26.998496 ],
					"asd_gain27" : [ 0.03125 ],
					"asd_phase27" : [ -0.25 ],
					"asd_fmult28" : [ 27.799358 ],
					"asd_gain28" : [ 0.03125 ],
					"asd_phase28" : [ -0.25 ],
					"asd_fmult29" : [ 28.858254 ],
					"asd_gain29" : [ 0.03125 ],
					"asd_phase29" : [ -0.25 ],
					"asd_fmult30" : [ 30.192097 ],
					"asd_gain30" : [ 0.03125 ],
					"asd_phase30" : [ -0.25 ],
					"asd_fmult31" : [ 30.777597 ],
					"asd_gain31" : [ 0.03125 ],
					"asd_phase31" : [ -0.25 ],
					"asd_fmult32" : [ 32.177818 ],
					"asd_gain32" : [ 0.03125 ],
					"asd_phase32" : [ -0.25 ]
				}

			}

		}

	}

}
